id,destination,souvenir,region,theme,route
"AD","Andorra","Romanesque bell-tower miniature","Southern Europe","stone","free"
"AE","United Arab Emirates (Dubai)","Skyline spire miniature","Western Asia","sand","free"
"AF","Afghanistan","Lapis lazuli stone","Southern Asia","stone","free"
"AG","Antigua and Barbuda","Regatta sailboat miniature","Caribbean","ocean","free"
"AI","Anguilla","Racing sloop miniature","Caribbean","ocean","free"
"AL","Albania","Eagle pin","Southeast Europe","stone","free"
"AM","Armenia","Pomegranate charm","Western Asia","sand","free"
"AMAZON","Amazon Rainforest","Toucan figurine","South America","jungle","special"
"ANGKOR_WAT","Angkor Wat","Angkor Wat temple miniature","Siem Reap · Cambodia","jungle","special"
"AO","Angola","Carved Pensador thinker","Middle Africa","jungle","free"
"AQ","Antarctica","Emperor penguin figurine","Antarctic","ice","free"
"AR","Argentina","Tango shoe charm","South America","jungle","free"
"AS","American Samoa","Tapa-cloth square","Polynesia","ocean","free"
"AT","Austria","Viennese music-box charm","Central Europe","stone","free"
"AU","Australia","Koala keepsake","Australia and New Zealand","ocean","free"
"AW","Aruba","Divi-divi tree miniature","Caribbean","ocean","free"
"AX","Åland Islands","Tall-ship model","Northern Europe","stone","free"
"AZ","Azerbaijan","Flame-tower keepsake","Western Asia","sand","free"
"BA","Bosnia and Herzegovina","Copper coffee pot","Southeast Europe","stone","free"
"BB","Barbados","Flying-fish charm","Caribbean","ocean","free"
"BD","Bangladesh","Painted rickshaw miniature","Southern Asia","stone","free"
"BE","Belgium","Waffle miniature","Western Europe","stone","free"
"BF","Burkina Faso","Bronze-cast figurine","Western Africa","jungle","free"
"BG","Bulgaria","Rose keepsake","Southeast Europe","stone","free"
"BH","Bahrain","Pearl in an oyster shell","Western Asia","sand","free"
"BI","Burundi","Royal drum miniature","Eastern Africa","jungle","free"
"BJ","Benin","Abomey appliqué tapestry","Western Africa","jungle","free"
"BL","Saint Barthélemy","Palm-straw hat","Caribbean","ocean","free"
"BM","Bermuda","Pink-sand bottle","North America","stone","free"
"BN","Brunei","Engraved brass kettle","South-Eastern Asia","jungle","free"
"BO","Bolivia","Andean chullo hat","South America","jungle","free"
"BQ","Caribbean Netherlands","Flamingo figurine","Caribbean","ocean","free"
"BR","Brazil","Carnival feather","South America","jungle","free"
"BS","Bahamas","Ocean-star keepsake","Caribbean","ocean","free"
"BT","Bhutan","Tiger’s Nest miniature","Southern Asia","stone","free"
"BV","Bouvet Island","Fur-seal figurine","Antarctic","stone","free"
"BW","Botswana","Elephant pin","Southern Africa","stone","free"
"BY","Belarus","Straw-woven doll","Eastern Europe","stone","free"
"BZ","Belize","Reef turtle charm","Central America","jungle","free"
"CA","Canada","Maple-leaf pin","North America","stone","free"
"CC","Cocos (Keeling) Islands","Coconut-shell carving","Australia and New Zealand","ocean","free"
"CD","DR Congo","Kuba raffia cloth","Middle Africa","jungle","free"
"CF","Central African Republic","Butterfly-wing picture","Middle Africa","jungle","free"
"CG","Congo","Teke wooden figure","Middle Africa","jungle","free"
"CH","Switzerland","Alpine chocolate keepsake","Western Europe","stone","free"
"CI","Ivory Coast","Baoulé wooden mask","Western Africa","jungle","free"
"CK","Cook Islands","Black pearl","Polynesia","ocean","free"
"CL","Chile","Mountain charm","South America","jungle","free"
"CLOUD_CITY","Cloud City","Cloud-in-a-bottle","Sky Kingdom","magic","special"
"CM","Cameroon","Beaded Bamileke mask","Middle Africa","jungle","free"
"CN","China","Red lantern charm","Eastern Asia","lantern","free"
"CO","Colombia","Coffee-bean charm","South America","jungle","free"
"CR","Costa Rica","Rainforest butterfly","Central America","jungle","free"
"CRYSTAL_CAVERN","Crystal Cavern","Crystal shard","Crystal Depths","magic","special"
"CU","Cuba","Colorful classic-car miniature","Caribbean","ocean","free"
"CV","Cape Verde","Cavaquinho guitar miniature","Western Africa","jungle","free"
"CW","Curaçao","Chichi doll","Caribbean","ocean","free"
"CX","Christmas Island","Red crab figurine","Australia and New Zealand","ocean","free"
"CY","Cyprus","Olive-branch charm","Southern Europe","stone","free"
"CZ","Czechia","Prague clock charm","Central Europe","stone","free"
"DE","Germany","Cuckoo-clock keepsake","Western Europe","stone","free"
"DINOSAUR_ISLAND","Dinosaur Island","Fossil keepsake","Cinema Worlds","magic","cinema"
"DJ","Djibouti","Lake Assal salt crystal","Eastern Africa","jungle","free"
"DK","Denmark","Little mermaid keepsake","Northern Europe","stone","free"
"DM","Dominica","Kalinago woven basket","Caribbean","ocean","free"
"DO","Dominican Republic","Palm-and-beach charm","Caribbean","ocean","free"
"DRAGON_ISLAND","Dragon Island","Dragon scale","Ember Isles","lava","special"
"DZ","Algeria","Berber silver brooch","Northern Africa","sand","free"
"EC","Ecuador","Tortoise charm","South America","jungle","free"
"EE","Estonia","Old-town tower miniature","Northern Europe","stone","free"
"EG","Egypt","Pyramid miniature","Northern Africa","sand","free"
"EH","Western Sahara","Sahrawi tea glass","Northern Africa","sand","free"
"ELVEN_VALLEY","Elven Valley","Silver leaf","Cinema Worlds","magic","cinema"
"ENCHANTED_FOREST","Enchanted Forest","Glowing acorn","Cinema Worlds","magic","cinema"
"ER","Eritrea","Clay jebena coffee pot","Eastern Africa","jungle","free"
"ES","Spain","Painted fan","Southern Europe","stone","free"
"ET","Ethiopia","Coffee-cup keepsake","Eastern Africa","jungle","free"
"EVEREST","Mount Everest","Summit pennant","Himalayas","ice","special"
"FI","Finland","Aurora snowflake pin","Northern Europe","ice","free"
"FJ","Fiji","Island flower charm","Melanesia","ocean","free"
"FK","Falkland Islands","Rockhopper penguin charm","South America","jungle","free"
"FM","Micronesia","Rai stone-money miniature","Micronesia","ocean","free"
"FO","Faroe Islands","Puffin figurine","Northern Europe","stone","free"
"FR","France","Miniature Eiffel Tower","Western Europe","stone","free"
"GA","Gabon","White-faced Punu mask","Middle Africa","jungle","free"
"GB","United Kingdom","Red telephone-box miniature","Northern Europe","stone","free"
"GD","Grenada","Nutmeg spice bundle","Caribbean","ocean","free"
"GE","Georgia","Mountain tower miniature","Western Asia","sand","free"
"GF","French Guiana","Rocket launch miniature","South America","jungle","free"
"GG","Guernsey","Guernsey knit sweater miniature","Northern Europe","stone","free"
"GH","Ghana","Patterned cloth keepsake","Western Africa","jungle","free"
"GI","Gibraltar","Barbary macaque figurine","Southern Europe","stone","free"
"GL","Greenland","Tupilak carving","North America","ice","free"
"GM","Gambia","Kora harp miniature","Western Africa","jungle","free"
"GN","Guinea","Djembe drum","Western Africa","jungle","free"
"GP","Guadeloupe","Madras-print doll","Caribbean","ocean","free"
"GQ","Equatorial Guinea","Fang wooden mask","Middle Africa","jungle","free"
"GR","Greece","Painted Greek amphora","Southern Europe","stone","free"
"GRAND_CANYON","Grand Canyon","Canyon sand layers in a bottle","Arizona · United States","sand","special"
"GREAT_BARRIER_REEF","Great Barrier Reef","Clownfish coral charm","Queensland · Australia","ocean","special"
"GS","South Georgia","Explorer's brass compass","Antarctic","stone","free"
"GT","Guatemala","Woven textile keepsake","Central America","jungle","free"
"GU","Guam","Latte stone miniature","Micronesia","ocean","free"
"GW","Guinea-Bissau","Bijagós carved mask","Western Africa","jungle","free"
"GY","Guyana","Harpy eagle carving","South America","jungle","free"
"HK","Hong Kong","Star Ferry miniature","Eastern Asia","lantern","free"
"HM","Heard Island and McDonald Islands","Elephant seal figurine","Antarctic","stone","free"
"HN","Honduras","Copán Maya stela miniature","Central America","jungle","free"
"HOBBIT_VILLAGE","Hobbit Village","Round-door charm","Cinema Worlds","magic","cinema"
"HR","Croatia","Adriatic sailboat charm","Southeast Europe","stone","free"
"HT","Haiti","Cut-steel drum art","Caribbean","ocean","free"
"HU","Hungary","Paprika-red heart","Central Europe","stone","free"
"ID","Indonesia","Temple miniature","South-Eastern Asia","jungle","free"
"IE","Ireland","Shamrock pin","Northern Europe","stone","free"
"IL","Israel","Dead Sea salt jar","Western Asia","sand","free"
"IM","Isle of Man","Three-legged triskelion pin","Northern Europe","stone","free"
"IN","India","Lotus keepsake","Southern Asia","stone","free"
"IO","British Indian Ocean Territory","Hawksbill turtle charm","Eastern Africa","jungle","free"
"IQ","Iraq","Cuneiform clay tablet","Western Asia","sand","free"
"IR","Iran","Persian rug miniature","Southern Asia","stone","free"
"IS","Iceland","Volcanic-glass charm","Northern Europe","ice","free"
"IT","Italy","Leaning-tower miniature","Southern Europe","stone","free"
"JE","Jersey","Jersey cow figurine","Northern Europe","stone","free"
"JM","Jamaica","Palm-tree charm","Caribbean","ocean","free"
"JO","Jordan","Bedouin coffee pot","Western Asia","sand","free"
"JP","Japan","Origami crane","Eastern Asia","lantern","free"
"KE","Kenya","Giraffe charm","Eastern Africa","jungle","free"
"KG","Kyrgyzstan","Felt kalpak hat","Central Asia","sand","free"
"KH","Cambodia","Apsara dancer figurine","South-Eastern Asia","jungle","free"
"KI","Kiribati","Woven pandanus fan","Micronesia","ocean","free"
"KM","Comoros","Ylang-ylang perfume vial","Eastern Africa","jungle","free"
"KN","Saint Kitts and Nevis","Sugar-train miniature","Caribbean","ocean","free"
"KP","North Korea","Celadon porcelain cup","Eastern Asia","stone","free"
"KR","South Korea","Paper fan","Eastern Asia","lantern","free"
"KW","Kuwait","Kuwait Towers miniature","Western Asia","sand","free"
"KY","Cayman Islands","Stingray charm","Caribbean","ocean","free"
"KZ","Kazakhstan","Steppe eagle pin","Central Asia","sand","free"
"LA","Laos","Riverboat miniature","South-Eastern Asia","jungle","free"
"LB","Lebanon","Cedar-tree charm","Western Asia","sand","free"
"LC","Saint Lucia","Pitons volcano miniature","Caribbean","ocean","free"
"LI","Liechtenstein","Vaduz Castle postage stamp","Western Europe","stone","free"
"LK","Sri Lanka","Tea-leaf keepsake","Southern Asia","stone","free"
"LR","Liberia","Dan wooden mask","Western Africa","jungle","free"
"LS","Lesotho","Basotho straw hat","Southern Africa","stone","free"
"LT","Lithuania","Amber sun pin","Northern Europe","stone","free"
"LU","Luxembourg","Castle bridge miniature","Western Europe","stone","free"
"LV","Latvia","Woven mitten keepsake","Northern Europe","stone","free"
"LY","Libya","Roman column miniature","Northern Africa","sand","free"
"MA","Morocco","Mosaic tile","Northern Africa","sand","free"
"MACHU_PICCHU","Machu Picchu","Inca stone terrace miniature","Andes · Peru","stone","special"
"MARS","Mars","Mars rover miniature","Martian Frontier","space","special"
"MC","Monaco","Grand Prix car miniature","Western Europe","stone","free"
"MD","Moldova","Painted wooden spoon","Eastern Europe","stone","free"
"ME","Montenegro","Bay of Kotor boat miniature","Southeast Europe","stone","free"
"MF","Saint Martin","Pelican charm","Caribbean","ocean","free"
"MG","Madagascar","Baobab miniature","Eastern Africa","jungle","free"
"MH","Marshall Islands","Stick-chart navigation map","Micronesia","ocean","free"
"MK","North Macedonia","Ohrid pearl","Southeast Europe","stone","free"
"ML","Mali","Bogolan mud-cloth","Western Africa","jungle","free"
"MM","Myanmar","Lacquerware bowl","South-Eastern Asia","jungle","free"
"MN","Mongolia","Horse charm","Eastern Asia","stone","free"
"MO","Macau","Almond cookie tin","Eastern Asia","lantern","free"
"MOON","Moon","Moon-rock keepsake","Lunar Frontier","space","special"
"MP","Northern Mariana Islands","Fairy tern charm","Micronesia","ocean","free"
"MQ","Martinique","Mount Pelée volcano charm","Caribbean","ocean","free"
"MR","Mauritania","Chinguetti manuscript page","Western Africa","jungle","free"
"MS","Montserrat","Volcanic-ash jar","Caribbean","ocean","free"
"MT","Malta","Limestone balcony miniature","Southern Europe","stone","free"
"MU","Mauritius","Dodo miniature","Eastern Africa","jungle","free"
"MV","Maldives","Lagoon shell charm","Southern Asia","stone","free"
"MW","Malawi","Carved chief's chair","Eastern Africa","jungle","free"
"MX","Mexico","Painted ceramic keepsake","North America","stone","free"
"MY","Malaysia","Twin-towers miniature","South-Eastern Asia","jungle","free"
"MZ","Mozambique","Makonde ebony carving","Eastern Africa","jungle","free"
"NA","Namibia","Red-dune keepsake","Southern Africa","stone","free"
"NC","New Caledonia","Kanak rooftop spire carving","Melanesia","ocean","free"
"NE","Niger","Agadez silver cross","Western Africa","jungle","free"
"NF","Norfolk Island","Norfolk pine miniature","Australia and New Zealand","ocean","free"
"NG","Nigeria","Patterned fabric keepsake","Western Africa","jungle","free"
"NI","Nicaragua","Volcano-clay pot","Central America","jungle","free"
"NL","Netherlands","Windmill miniature","Western Europe","stone","free"
"NO","Norway","Viking ship miniature","Northern Europe","ice","free"
"NORTHERN_LIGHTS","Northern Lights","Aurora snow globe","Iceland","ice","special"
"NP","Nepal","Mountain prayer-flag charm","Southern Asia","stone","free"
"NR","Nauru","Frigatebird charm","Micronesia","ocean","free"
"NU","Niue","Coconut crab figurine","Polynesia","ocean","free"
"NZ","New Zealand","Kiwi bird keepsake","Australia and New Zealand","ocean","free"
"OM","Oman","Sailing dhow miniature","Western Asia","sand","free"
"PA","Panama","Canal ship miniature","Central America","jungle","free"
"PE","Peru","Andean llama keepsake","South America","jungle","free"
"PETRA","Petra","Treasury facade miniature","Jordan","sand","special"
"PF","French Polynesia","Polynesian tiki carving","Polynesia","ocean","free"
"PG","Papua New Guinea","Bird-of-paradise feather","Melanesia","ocean","free"
"PH","Philippines","Pearl keepsake","South-Eastern Asia","jungle","free"
"PK","Pakistan","Truck-art painted kettle","Southern Asia","stone","free"
"PL","Poland","Amber keepsake","Central Europe","stone","free"
"PM","Saint Pierre and Miquelon","Dory fishing-boat miniature","North America","stone","free"
"PN","Pitcairn Islands","Bounty ship model","Polynesia","ocean","free"
"PR","Puerto Rico","Coquí frog figurine","Caribbean","ocean","free"
"PS","Palestine","Hebron blue-glass vase","Western Asia","sand","free"
"PT","Portugal","Blue tile keepsake","Southern Europe","stone","free"
"PW","Palau","Carved storyboard","Micronesia","ocean","free"
"PY","Paraguay","Lace keepsake","South America","jungle","free"
"QA","Qatar","Pearl-diving charm","Western Asia","sand","free"
"RE","Réunion","Bourbon vanilla pods","Eastern Africa","jungle","free"
"RO","Romania","Castle miniature","Southeast Europe","stone","free"
"RS","Serbia","Patterned woven ribbon","Southeast Europe","stone","free"
"RU","Russia","Painted nesting doll","Eastern Europe","stone","free"
"RW","Rwanda","Mountain gorilla keepsake","Eastern Africa","jungle","free"
"SA","Saudi Arabia","Desert rose","Western Asia","sand","free"
"SAHARA","Sahara Desert","Sand-filled hourglass","North Africa","sand","special"
"SALAR_UYUNI","Salar de Uyuni","Salt-flat crystal","Bolivia","stone","special"
"SANTORINI","Santorini","Blue-dome chapel miniature","Cyclades · Greece","ocean","special"
"SATURN","Saturn Rings","Ringed planet charm","Outer Space","space","special"
"SB","Solomon Islands","Shell-money necklace","Melanesia","ocean","free"
"SC","Seychelles","Island palm charm","Eastern Africa","jungle","free"
"SD","Sudan","Nubian pyramid miniature","Northern Africa","sand","free"
"SE","Sweden","Painted horse miniature","Northern Europe","ice","free"
"SERENGETI","Serengeti","Lion figurine","Tanzania","jungle","special"
"SG","Singapore","Merlion miniature","South-Eastern Asia","jungle","free"
"SH","Saint Helena, Ascension and Tristan da Cunha","Giant tortoise Jonathan figurine","Western Africa","jungle","free"
"SI","Slovenia","Lake-island keepsake","Central Europe","stone","free"
"SJ","Svalbard and Jan Mayen","Polar bear figurine","Northern Europe","stone","free"
"SK","Slovakia","Fujara shepherd flute","Central Europe","stone","free"
"SL","Sierra Leone","Gara tie-dye cloth","Western Africa","jungle","free"
"SM","San Marino","Three Towers miniature","Southern Europe","stone","free"
"SN","Senegal","Gorée sand painting","Western Africa","jungle","free"
"SO","Somalia","Frankincense resin","Eastern Africa","jungle","free"
"SPACE","Space Station","Astronaut patch","Earth Orbit","space","special"
"SR","Suriname","Maroon wood carving","South America","jungle","free"
"SS","South Sudan","Beaded necklace","Middle Africa","jungle","free"
"ST","São Tomé and Príncipe","Cocoa-pod charm","Middle Africa","jungle","free"
"STONEHENGE","Stonehenge","Standing-stones miniature","Wiltshire · United Kingdom","stone","special"
"SV","El Salvador","Painted La Palma box","Central America","jungle","free"
"SX","Sint Maarten","Maho Beach airplane miniature","Caribbean","ocean","free"
"SY","Syria","Damascene inlaid box","Western Asia","sand","free"
"SZ","Eswatini","Recycled-glass rhino","Southern Africa","stone","free"
"TAJ_MAHAL","Taj Mahal","Marble Taj Mahal miniature","Agra · India","stone","special"
"TC","Turks and Caicos Islands","Queen conch shell","Caribbean","ocean","free"
"TD","Chad","Woven Sahel basket","Middle Africa","jungle","free"
"TF","French Southern and Antarctic Lands","King penguin figurine","Antarctic","stone","free"
"TG","Togo","Lomé batik wall hanging","Western Africa","jungle","free"
"TH","Thailand","Elephant keepsake","South-Eastern Asia","jungle","free"
"TJ","Tajikistan","Embroidered suzani","Central Asia","sand","free"
"TK","Tokelau","Woven tackle box","Polynesia","ocean","free"
"TL","Timor-Leste","Tais woven cloth","South-Eastern Asia","jungle","free"
"TM","Turkmenistan","Akhal-Teke horse figurine","Central Asia","sand","free"
"TN","Tunisia","Ceramic bowl","Northern Africa","sand","free"
"TO","Tonga","Whale-tail charm","Polynesia","ocean","free"
"TR","Turkey","Blue glass charm","Western Asia","sand","free"
"TT","Trinidad and Tobago","Steelpan drum","Caribbean","ocean","free"
"TV","Tuvalu","Shell-bead garland","Polynesia","ocean","free"
"TW","Taiwan","Skyline tower charm","Eastern Asia","lantern","free"
"TZ","Tanzania","Kilimanjaro summit charm","Eastern Africa","jungle","free"
"UA","Ukraine","Sunflower charm","Eastern Europe","stone","free"
"UG","Uganda","Bark-cloth wallet","Eastern Africa","jungle","free"
"UM","United States Minor Outlying Islands","Albatross figurine","North America","stone","free"
"UNDERWATER","Underwater World","Glowing shell","Deep Ocean","ocean","special"
"US","United States","Liberty torch keepsake","North America","stone","free"
"UY","Uruguay","Mate-cup miniature","South America","jungle","free"
"UZ","Uzbekistan","Blue-domed tile","Central Asia","sand","free"
"VA","Vatican City","Swiss Guard figurine","Southern Europe","stone","free"
"VC","Saint Vincent and the Grenadines","Breadfruit charm","Caribbean","ocean","free"
"VE","Venezuela","Waterfall keepsake","South America","jungle","free"
"VENICE","Venice Canals","Gondola miniature","Venice · Italy","ocean","special"
"VG","British Virgin Islands","Sailing yacht miniature","Caribbean","ocean","free"
"VI","United States Virgin Islands","Mocko jumbie figure","Caribbean","ocean","free"
"VICTORIA_FALLS","Victoria Falls","Rainbow-spray waterfall globe","Zambia · Zimbabwe","jungle","special"
"VN","Vietnam","Lotus lantern","South-Eastern Asia","jungle","free"
"VOLCANIC_REALM","Volcanic Realm","Obsidian keepsake","Cinema Worlds","lava","cinema"
"VU","Vanuatu","Slit-gong drum carving","Melanesia","ocean","free"
"WF","Wallis and Futuna","Carved kava bowl","Polynesia","ocean","free"
"WIZARD_CASTLE","Wizard Castle","Magic wand","Cinema Worlds","magic","cinema"
"WIZARD_VILLAGE","Wizard Village","Potion bottle","Cinema Worlds","magic","cinema"
"WONDERLAND","Wonderland","Pocket-watch charm","Cinema Worlds","magic","cinema"
"WS","Samoa","Ocean canoe miniature","Polynesia","ocean","free"
"XK","Kosovo","Silver filigree pendant","Southeast Europe","stone","free"
"YE","Yemen","Dragon's-blood tree charm","Western Asia","sand","free"
"YT","Mayotte","Lagoon sea-turtle charm","Eastern Africa","jungle","free"
"ZA","South Africa","Protea keepsake","Southern Africa","stone","free"
"ZM","Zambia","Copper bracelet","Eastern Africa","jungle","free"
"ZW","Zimbabwe","Soapstone Zimbabwe bird","Eastern Africa","jungle","free"
