id,status,souvenir,prompt_description
PG,missing,Bird-of-paradise feather,"a single long golden-yellow and russet bird-of-paradise plume feather, glossy and wispy"
PH,missing,Pearl keepsake,"one lustrous white South Sea pearl resting in a small open mother-of-pearl shell"
PK,missing,Truck-art painted kettle,"a small metal tea kettle hand-painted all over in bright folk truck-art florals, mirrors and peacock motifs"
PL,missing,Amber keepsake,"a polished honey-orange Baltic amber pendant with a tiny trapped leaf inside, silver bail"
PM,missing,Dory fishing-boat miniature,"a small wooden flat-bottomed dory fishing boat painted cream and red with two oars"
PN,missing,Bounty ship model,"a detailed wooden model of an 18th-century three-masted merchant sailing ship on a small wooden stand"
PR,missing,Coquí frog figurine,"a small glossy ceramic tree frog figurine, olive-brown with big eyes, sitting on a green leaf"
PS,missing,Hebron blue-glass vase,"a hand-blown translucent cobalt-blue glass vase with visible bubbles and an uneven rim"
PT,missing,Blue tile keepsake,"a single square glazed ceramic azulejo tile, white with intricate cobalt-blue floral pattern"
PW,missing,Carved storyboard,"a horizontal hardwood storyboard plaque with relief carvings of villagers, canoes and palm trees"
PY,missing,Lace keepsake,"a round, intricate white ñandutí spiderweb lace doily with fine radial needlework"
QA,missing,Pearl-diving charm,"a silver charm of a traditional pearl diver's nose clip and a small pearl on a chain"
RE,missing,Bourbon vanilla pods,"a small bundle of glossy dark-brown vanilla pods tied with natural raffia string"
RO,missing,Castle miniature,"a resin miniature of a Gothic hilltop castle with red-tiled turrets on a rocky base"
RS,missing,Patterned woven ribbon,"a rolled length of handwoven wool ribbon with red, black and white geometric folk patterns"
RU,missing,Painted nesting doll,"a glossy painted wooden matryoshka nesting doll, red headscarf and floral apron, a smaller doll beside it"
RW,missing,Mountain gorilla keepsake,"a hand-carved dark wooden figurine of a seated mountain gorilla"
SA,missing,Desert rose,"a sand-colored desert rose crystal cluster with petal-like rosette blades"
SAHARA,missing,Sand-filled hourglass,"a brass and glass hourglass filled with fine golden desert sand"
SALAR_UYUNI,missing,Salt-flat crystal,"a white hexagonal salt slab souvenir with crisp crystalline texture"
SANTORINI,missing,Blue-dome chapel miniature,"a whitewashed miniature chapel with a bright blue dome and small bell"
SATURN,missing,Ringed planet charm,"an enamel charm of a pale gold ringed planet with tilted rings"
SB,missing,Shell-money necklace,"a necklace of small red, white and black shell-money discs strung on fiber"
SC,missing,Island palm charm,"a silver charm of a coco de mer double coconut with a tiny palm leaf"
SD,missing,Nubian pyramid miniature,"a sandstone miniature of a steep narrow pyramid with a small entrance chapel"
SE,missing,Painted horse miniature,"a carved wooden horse painted glossy red with white, blue and green folk decoration"
SERENGETI,missing,Lion figurine,"a realistic resin figurine of a male lion with a golden mane, lying down"
SG,missing,Merlion miniature,"a white miniature statue of a mythical creature with a lion's head and fish body, spouting water"
SH,missing,Giant tortoise Jonathan figurine,"a detailed figurine of an elderly giant tortoise with a high domed shell"
SI,missing,Lake-island keepsake,"a small snow globe of a tiny island with a white church and steeple in an alpine lake"
SJ,missing,Polar bear figurine,"a white porcelain polar bear figurine standing on an ice floe"
SK,missing,Fujara shepherd flute,"a long wooden shepherd's overtone flute with carved geometric decoration, shown diagonally"
SL,missing,Gara tie-dye cloth,"a folded square of indigo-blue tie-dyed cotton cloth with white circular resist patterns"
SM,missing,Three Towers miniature,"a resin miniature of three small medieval stone towers on a rocky mountain ridge"
SN,missing,Gorée sand painting,"a small framed picture made of colored sand showing a village scene with baobab trees"
SO,missing,Frankincense resin,"a small open wooden bowl of pale amber frankincense resin tears"
SPACE,missing,Astronaut patch,"an embroidered round mission patch with a rocket, stars and orbit lines, no lettering"
SR,missing,Maroon wood carving,"a flat wooden panel with bold interlocking curving carved and painted Tembe patterns"
SS,missing,Beaded necklace,"a wide collar necklace of tiny colorful glass beads in red, yellow and blue bands"
ST,missing,Cocoa-pod charm,"a ripe yellow-orange cocoa pod split open showing beans, small and glossy"
STONEHENGE,missing,Standing-stones miniature,"a resin miniature of a circle of ancient standing stones with lintels on a grassy base"
SV,missing,Painted La Palma box,"a small wooden box hand-painted in naive bright folk style with houses, birds and flowers"
SX,missing,Maho Beach airplane miniature,"a white passenger jet airplane model flying low over a small strip of sandy beach on a stand"
SY,missing,Damascene inlaid box,"a small wooden jewelry box with intricate mother-of-pearl geometric inlay"
SZ,missing,Recycled-glass rhino,"a hand-blown green recycled-glass rhinoceros figurine"
TAJ_MAHAL,missing,Marble Taj Mahal miniature,"a white marble miniature of a domed mausoleum with four minarets on a plinth"
TC,missing,Queen conch shell,"a large queen conch shell with glossy pink inner lip"
TD,missing,Woven Sahel basket,"a round lidded basket woven from colorful dyed grasses in concentric patterns"
TF,missing,King penguin figurine,"a realistic figurine of a king penguin with orange ear patches"
TG,missing,Lomé batik wall hanging,"a rectangular batik cloth wall hanging in ochre and indigo showing stylized dancers"
TH,missing,Elephant keepsake,"a carved teak elephant figurine wearing an ornate gold and red ceremonial headdress"
TJ,missing,Embroidered suzani,"a folded suzani textile with large red and gold embroidered floral medallions"
TK,missing,Woven tackle box,"a small lidded fishing tackle box woven from natural pandanus and coconut fiber"
TL,missing,Tais woven cloth,"a folded handwoven tais textile with red, black and gold ikat stripes"
TM,missing,Akhal-Teke horse figurine,"a slim golden-bronze figurine of a lean horse with a metallic sheen coat"
TN,missing,Ceramic bowl,"a ceramic bowl with yellow, green and black hand-painted fish and floral patterns"
TO,missing,Whale-tail charm,"a carved bone-white humpback whale tail fluke pendant on a cord"
TR,missing,Blue glass charm,"a round cobalt-blue glass evil-eye nazar charm with concentric white, light blue and black circles"
TT,missing,Steelpan drum,"a small chrome steelpan drum with hammered note dimples, on a stand with two mallets"
TV,missing,Shell-bead garland,"a garland of small white and brown shells and beads strung in loops"
TW,missing,Skyline tower charm,"a silver charm of a tall bamboo-segmented skyscraper tower"
TZ,missing,Kilimanjaro summit charm,"a carved stone miniature of a broad snow-capped volcanic mountain"
UA,missing,Sunflower charm,"an enamel sunflower charm with bright yellow petals and a brown seed center"
UG,missing,Bark-cloth wallet,"a small wallet made of rust-brown bark cloth with stitched edges"
UM,missing,Albatross figurine,"a realistic figurine of a white albatross with long dark wings outstretched"
UNDERWATER,missing,Glowing shell,"a nautilus shell glowing softly from within with blue bioluminescent light"
US,missing,Liberty torch keepsake,"a bronze-green miniature torch with a golden flame, on a small pedestal"
UY,missing,Mate-cup miniature,"a gourd mate cup with ornate silver rim and a silver bombilla straw"
UZ,missing,Blue-domed tile,"a ceramic tile with turquoise and cobalt Islamic geometric star pattern"
VA,missing,Swiss Guard figurine,"a figurine of a guard in a striped blue, red and yellow Renaissance uniform holding a halberd"
VC,missing,Breadfruit charm,"a realistic green breadfruit with textured skin and a leaf"
VE,missing,Waterfall keepsake,"a resin miniature of a very tall thin waterfall dropping from a flat-topped table mountain"
VENICE,missing,Gondola miniature,"a black lacquered gondola model with gold ornament and a small striped-shirt gondolier oar"
VG,missing,Sailing yacht miniature,"a sleek white sailing yacht model with tall sails on a wooden stand"
VI,missing,Mocko jumbie figure,"a carnival stilt-walker figurine in a bright patchwork costume and mask"
VICTORIA_FALLS,missing,Rainbow-spray waterfall globe,"a snow globe with a wide waterfall and a rainbow arcing through the mist"
VN,missing,Lotus lantern,"a silk lantern shaped like a pink lotus flower with a soft glow"
VOLCANIC_REALM,missing,Obsidian keepsake,"a polished black obsidian shard with glowing orange lava cracks, fantasy style"
VU,missing,Slit-gong drum carving,"a tall carved upright wooden slit drum with a stylized face at the top"
WF,missing,Carved kava bowl,"a round multi-legged carved wooden kava bowl with smooth patina"
WIZARD_CASTLE,missing,Magic wand,"an original handcrafted wooden magic wand with a spiral carved handle and a small crystal tip; must not resemble any film prop"
WIZARD_VILLAGE,missing,Potion bottle,"a small corked glass potion bottle with a swirling purple liquid and a parchment tag with no writing"
WONDERLAND,missing,Pocket-watch charm,"an antique gold pocket watch with a white face, slightly whimsical, on a chain"
WS,missing,Ocean canoe miniature,"a carved wooden outrigger canoe model with a paddle"
XK,missing,Silver filigree pendant,"an intricate silver filigree pendant made of fine twisted wire scrolls"
YE,missing,Dragon's-blood tree charm,"a miniature umbrella-shaped dragon's blood tree on a small rock base"
YT,missing,Lagoon sea-turtle charm,"a green sea turtle figurine in turquoise and green enamel"
ZA,missing,Protea keepsake,"a realistic king protea flower bloom with pink bracts"
ZM,missing,Copper bracelet,"a thick hammered copper bangle bracelet with a warm patina"
ZW,missing,Soapstone Zimbabwe bird,"a carved green-grey soapstone bird sculpture perched on a tall column"
GE,redo,Mountain tower miniature,"a stone miniature of a tall square medieval defensive tower with a slate roof on a rocky mountain base (NOT a TV tower)"
MOON,redo,Moon-rock keepsake,"a grey cratered moon rock fragment on a small display pedestal, nothing floating around it"
KY,redo,Stingray charm,"a silver charm of a southern stingray seen from above: flat diamond body, long thin tail, no head features"
HT,redo,Cut-steel drum art,"a flat wall sculpture cut from rusty-dark steel showing an ornate tree of life with birds (a flat metal cutout, not a drum)"
KM,redo,Ylang-ylang perfume vial,"a small clear glass perfume vial with yellow ylang-ylang oil and a cork, no label, no writing"
KP,redo,Celadon porcelain cup,"a pale green-blue celadon porcelain cup with subtle incised crane pattern, no writing anywhere"
